D,alpha,sigma,RMSE,L2_rel,L_inf,famille
1.2991435083,0.0781447842,0.7371923532,0.004634824465834891,0.24424958769675212,0.10938515915176819,Interpolation - combinaison jamais vue
0.545209487,0.1667603916,0.9835925371,0.005252395176449959,0.210319159141526,0.07537094603096334,Interpolation - combinaison jamais vue
0.9288632798,0.1214131577,1.1828995589,0.004448868188922935,0.15612764162450962,0.0636437611438414,Interpolation - combinaison jamais vue
0.6704373275,0.1515736983,0.9901087168,0.0046838169499937654,0.18866447510835718,0.07193044719286612,Interpolation - combinaison jamais vue
0.79303784,0.0855609189,0.8499910595,0.004680398684461438,0.2000982857672477,0.08857896347872485,Interpolation - combinaison jamais vue
0.9322672299,0.112954481,1.2537582094,0.004790163764734183,0.15824118745572585,0.06303900193958037,Interpolation - combinaison jamais vue
0.5706853615,0.1576892132,1.2122194588,0.004882323530059378,0.16458780033300463,0.058965992766617514,Interpolation - combinaison jamais vue
0.7570183691,0.123887365,0.8756670112,0.004649388506816954,0.20363198604706118,0.08461030722134147,Interpolation - combinaison jamais vue
0.6978128458,0.1612551697,1.1640540867,0.004558190635878311,0.1642302685730559,0.06145058322892902,Interpolation - combinaison jamais vue
0.6531720109,0.1432698864,1.1054285626,0.004527130360881785,0.16402778374660085,0.06159543975357909,Interpolation - combinaison jamais vue
1.3863027421,0.1025466007,1.0184258417,0.0051264872960255555,0.2131187430087901,0.09013072054754104,Généralisation - zone exclue
1.2305719632,0.0715015139,1.1971996255,0.0059324502134864236,0.19980853661608747,0.08103140799783637,Généralisation - zone exclue
1.4678301997,0.0639611719,1.2713762171,0.008001254798818627,0.26084433276447117,0.0926641426972803,Généralisation - zone exclue
1.171797322,0.1155860926,1.1417432571,0.004849082705981149,0.18074469840068202,0.07607768577641649,Généralisation - zone exclue
1.1160498949,0.1815389631,1.1091577124,0.004513715087000205,0.18728605137329124,0.07828956677187004,Généralisation - zone exclue
1.242122725,0.0670673329,1.1005749711,0.005482941105197193,0.19744871673107003,0.0829037171415917,Généralisation - zone exclue
1.1047327454,0.1344430282,1.0774709838,0.004467898814440205,0.17795937198080744,0.07506567332617259,Généralisation - zone exclue
1.406645175,0.1630488702,1.1465904344,0.0052304586543225895,0.21431299752943955,0.09043849271808124,Généralisation - zone exclue
1.4265859351,0.1433778877,1.0384298367,0.0050699309038642615,0.22076955643070634,0.09373263812676122,Généralisation - zone exclue
1.4588702744,0.1371546413,1.2821816036,0.006630325464808497,0.24012485070044803,0.09221175093061151,Généralisation - zone exclue
0.25,0.125,1.0,0.008002538041733965,0.2660989191644298,0.07340999004808321,Extrapolation - hors plage
1.0,0.3,1.0,0.006450941017372993,0.3266832412652677,0.10923246351447954,Extrapolation - hors plage
1.0,0.125,2.0,0.021584576525421267,0.50750962108948,0.0717448499547938,Extrapolation - hors plage
2.0,0.3,2.0,0.03902797295044085,1.2647277666168477,0.07710771417831204,Extrapolation - hors plage
