ensemble,scenario,D,alpha,sigma,RMSE,L2_relatif,Linf,MAE,evaluation_time_s
Combinaisons jamais vues,1,0.9940722885887475,0.16213251675375318,0.9689767196474784,0.014066813863405437,0.6247892887553487,0.1258754033838133,0.008860141830006994,0.006434629001887515
Combinaisons jamais vues,2,1.482435985278395,0.14812878593048348,0.9587841180539496,0.017369170933404524,0.8202445187958028,0.15839153116735344,0.011493207122344239,0.002787371995509602
Combinaisons jamais vues,3,0.5210002476607546,0.1332124273776443,1.2151688591078922,0.022768471076682447,0.7298872705320937,0.13332474284041732,0.016834622566093343,0.003064205011469312
Combinaisons jamais vues,4,0.831860899105493,0.07545621205935929,0.7294653420021642,0.014802904783135406,0.7184217754464599,0.13484386793895364,0.010429239861966751,0.0029293120023794472
Combinaisons jamais vues,5,0.6962138118931419,0.15929379427028637,1.251063045678706,0.016560383415208123,0.5621430468168107,0.11209392373269789,0.011682743573305936,0.002798258006805554
Combinaisons jamais vues,6,1.0166169578126412,0.17107318059563753,1.0191763848242101,0.014341081940374261,0.6200327882537292,0.12365223768927036,0.009509166175146116,0.0028985660028411075
Combinaisons jamais vues,7,0.7479448164127716,0.18866481968117133,0.7052759472017115,0.013834351064734633,0.791009054498982,0.14652394006535974,0.009619073904333057,0.0029742040060227737
Combinaisons jamais vues,8,1.0988520145290674,0.09674870742745606,1.1763870043926854,0.017326002219075987,0.6053884912856816,0.11820784898481052,0.01242606994551425,0.003104221003013663
Combinaisons jamais vues,9,1.2745330364285548,0.12129244093975351,0.985402147049419,0.01575864842793746,0.6819099609687177,0.13786467674241032,0.010269854268649356,0.003801767001277767
Combinaisons jamais vues,10,1.385220497483247,0.05359680413252482,0.9030334562060948,0.015366849047657042,0.6577106192020695,0.134685860413299,0.010531645772554008,0.0037835909897694364
Combinaisons jamais vues,11,0.8465819012040001,0.1267983323353571,0.8951892934731253,0.013402455231193858,0.5899901484993829,0.12780394274809967,0.008891300767171933,0.0034049950045300648
Combinaisons jamais vues,12,0.7007303481748011,0.1658904798818085,1.1903030994295651,0.016010688261347175,0.5711595797674995,0.1141818803977318,0.010980044178641294,0.0030996519926702604
Combinaisons jamais vues,13,0.563796878559955,0.10503418107449042,0.8156184587374469,0.017973010415002356,0.7725536543184888,0.1497175695718253,0.012252037544947957,0.003523277002386749
Combinaisons jamais vues,14,0.9107835479189628,0.08596501542836942,1.2920182129509379,0.019117796328629005,0.5883815436745394,0.11265494229492665,0.014024770592773997,0.002983432001201436
Combinaisons jamais vues,15,0.6525930118869512,0.0700772506781536,1.0911487655011307,0.019969627250586357,0.6515182533814747,0.13395174131676796,0.012761811893123962,0.0026617269904818386
Zone totalement exclue,1,1.1697945706555455,0.11536670717970939,1.0928172300030954,0.016293683632133453,0.6301413441942048,0.12524641999970587,0.01120501455843696,0.005974209998385049
Zone totalement exclue,2,1.2527731418256238,0.06241016703326705,1.2979177434318343,0.02391854123683132,0.7436283542407658,0.13411779097285875,0.01711236000735483,0.005200800995226018
Zone totalement exclue,3,1.216788389729133,0.13337802568335755,1.172569495624109,0.017139148938016026,0.6454238932911167,0.12597225821724134,0.012592762117664285,0.00491988800058607
Zone totalement exclue,4,1.1330009675813333,0.10459222368246428,1.1110760056951579,0.016378937552296583,0.6111817640185324,0.12184808350524046,0.011400660712074545,0.004873537007370032
Zone totalement exclue,5,1.3959160176952778,0.17369427615844482,1.2794826861860429,0.017018798826555055,0.6440785400050341,0.13485071680941252,0.013554936663892724,0.005139707995112985
Zone totalement exclue,6,1.2989940838143563,0.1478235167570563,1.2409631901335392,0.01763281375559695,0.6533684014832553,0.12975129134198432,0.013750249162106041,0.005109231991809793
Zone totalement exclue,7,1.4651349189107479,0.15953956979672496,1.0156131993804092,0.01758380470413186,0.8002759312996022,0.1555458752521751,0.01136262099852449,0.0049852270021801814
Zone totalement exclue,8,1.2542202302856802,0.13897422770412238,1.2022031672227125,0.017497535002204665,0.6537497718894612,0.12785626349379006,0.013206441895407985,0.005168197996681556
Zone totalement exclue,9,1.202486967707396,0.12801606833531304,1.24753804440557,0.017746107681282427,0.628394937693352,0.12159642940120113,0.013532798627403893,0.005105142990942113
Zone totalement exclue,10,1.4237031297567935,0.1992087729584059,1.1392474663555738,0.015687888643429678,0.6770447767396653,0.1425701312691088,0.011584442547844269,0.004750975000206381
Zone totalement exclue,11,1.1400461606277994,0.09104198300905181,1.0117021698761732,0.01468468491676425,0.582141123465457,0.1243631408335758,0.009778085801493492,0.0037144410016480833
Zone totalement exclue,12,1.4080084568836342,0.18647022722770334,1.2200346040343577,0.01645806130024236,0.6594156089171055,0.13810571199696997,0.012801501346139306,0.002636379998875782
Zone totalement exclue,13,1.3764840342611617,0.16646038616271203,1.1028956938898467,0.0169687936687225,0.7185557867007601,0.14316879708912517,0.011873875971363756,0.002587665992905386
Zone totalement exclue,14,1.2336840194998937,0.094441723186133,1.280747606263271,0.02095853747735727,0.6928379416823989,0.12696467713051074,0.015454577271579811,0.002537125998060219
Zone totalement exclue,15,1.3449891506517684,0.10315143439082124,1.015495072257452,0.017494242022497077,0.7255655261134843,0.14242862502422243,0.011292101974999295,0.002664699000888504
Extrapolation hors plage,1,0.35,0.03,0.6,0.027751581300281172,1.2580640155956968,0.17965359952247278,0.01741779862441934,0.003654343992820941
Extrapolation hors plage,2,1.7,0.25,1.4,0.016664008321327427,0.6617966958116677,0.14288588737084826,0.011933590229714776,0.003837035008473322
Extrapolation hors plage,3,0.35,0.24,1.4,0.01935679556938527,0.6207836111563483,0.11260850106313183,0.0128363286339001,0.0029977770027471706
Extrapolation hors plage,4,1.7,0.03,0.6,0.01612261972087272,1.0020508147173086,0.12144039723968617,0.012250952969900867,0.0027309090073686093
